artist,minimum,LF,RF,maximum,na.rm,out.of.range,unusual,description,feature
All Get Out,-14.2730407715,-16.352985441792498,-5.0958189368075,-6.1270198822,TRUE,FALSE,FALSE,Within Range,overall_loudness
Manchester Orchestra,-24.3416633606,-20.21573162074,-5.65656375886,-6.2572479248,TRUE,FALSE,FALSE,Within Range,overall_loudness
The Front Bottoms,-11.0341930389,-9.652404308314999,-6.812595844265,-5.70879554749,TRUE,FALSE,TRUE,Unusual,overall_loudness
All Get Out,0.016470964998,0.011693669250150003,0.0362917289604,0.0455353371799,TRUE,FALSE,FALSE,Within Range,spectral_energy
Manchester Orchestra,0.00962408259511,-0.0032336022705500046,0.04465722851455001,0.0518325716257,TRUE,FALSE,FALSE,Within Range,spectral_energy
The Front Bottoms,0.0217795856297,0.022122034802999995,0.0461040791124,0.0506899133325,TRUE,FALSE,FALSE,Within Range,spectral_energy
All Get Out,0.843913197517,0.7652322575431253,1.184825815262375,1.30302810669,TRUE,FALSE,FALSE,Within Range,danceability
Manchester Orchestra,0.776896297932,0.6482966542224999,1.2050299048435,1.40347576141,TRUE,FALSE,FALSE,Within Range,danceability
The Front Bottoms,0.91287279129,0.8647371530399999,1.24014341832,1.33414626122,TRUE,TRUE,FALSE,Out of Range,danceability
All Get Out,84.9143676758,95.28631114962502,149.76060581187497,162.923934937,TRUE,FALSE,FALSE,Within Range,tempo
Manchester Orchestra,67.1476821899,71.175098419,160.300197601,184.570068359,TRUE,FALSE,FALSE,Within Range,tempo
The Front Bottoms,80.829574585,82.991916656,157.054576874,165.668838501,TRUE,FALSE,FALSE,Within Range,tempo
All Get Out,163.5,134.56537056037502,261.029279708625,377.867034912,TRUE,FALSE,FALSE,Within Range,duration
Manchester Orchestra,102.42666626,79.14665985050001,320.6666641235,434.359985352,TRUE,FALSE,FALSE,Within Range,duration
The Front Bottoms,108.486778259,127.14418792549999,258.4824905405,297.346679688,TRUE,FALSE,FALSE,Within Range,duration
All Get Out,0.036983910948,0.022986614145312504,0.0814630789682375,0.0840472429991,TRUE,FALSE,FALSE,Within Range,zerocrossingrate
Manchester Orchestra,0.0206635873765,0.0020241476594499985,0.06764783337715,0.0889744311571,TRUE,FALSE,FALSE,Within Range,zerocrossingrate
The Front Bottoms,0.04312479496,0.03917196393019999,0.074815928936,0.106284059584,TRUE,TRUE,TRUE,Out of Range,zerocrossingrate
All Get Out,0.42788168788,0.25921680033237526,1.050372168421625,1.28797268867,TRUE,FALSE,FALSE,Within Range,spectral_strongpeak
Manchester Orchestra,0.424390226603,0.11332839727400018,1.0667170882219998,1.34550380707,TRUE,FALSE,FALSE,Within Range,spectral_strongpeak
The Front Bottoms,0.518905520439,0.3791518807430001,0.9896519780149999,1.36069560051,TRUE,FALSE,FALSE,Within Range,spectral_strongpeak
All Get Out,2620015.25,3162397.09375,4788882.53125,4758639.5,TRUE,TRUE,TRUE,Out of Range,spectral_spread
Manchester Orchestra,1937052.25,1668651,4817223,5845988.5,TRUE,FALSE,TRUE,Unusual,spectral_spread
The Front Bottoms,3510343.75,3538674.5,5508843.5,5888673,TRUE,FALSE,FALSE,Within Range,spectral_spread
All Get Out,1.13602507114,0.8070780038799996,2.014748871325,4.12035322189,TRUE,FALSE,TRUE,Unusual,spectral_skewness
Manchester Orchestra,1.16037845612,-0.4898808002499997,3.6984150409699996,6.74691963196,TRUE,FALSE,FALSE,Within Range,spectral_skewness
The Front Bottoms,0.873631238937,0.6345764398499999,1.95819294453,2.04340100288,TRUE,TRUE,TRUE,Out of Range,spectral_skewness
All Get Out,935.909057617,701.9130401650008,2250.9546356199994,2520.04125977,TRUE,TRUE,TRUE,Out of Range,spectral_rolloff
Manchester Orchestra,518.867919922,151.26593017000005,1600.193786626,2566.66723633,TRUE,FALSE,FALSE,Within Range,spectral_rolloff
The Front Bottoms,927.041259766,740.5761718800004,2001.2353515599998,3190.28588867,TRUE,TRUE,TRUE,Out of Range,spectral_rolloff
All Get Out,0.00317969406024,0.00310101528884,0.0056640165275899995,0.00628577405587,TRUE,FALSE,FALSE,Within Range,spectral_rms
Manchester Orchestra,0.0019821007736,0.0017641184386,0.0062983438838199995,0.00676948437467,TRUE,FALSE,FALSE,Within Range,spectral_rms
The Front Bottoms,0.00396269606426,0.004077841760594999,0.006482784403485001,0.00663769571111,TRUE,FALSE,FALSE,Within Range,spectral_rms
All Get Out,3.02692317963,-0.36353129148874785,8.83396118879875,40.100025177,TRUE,FALSE,TRUE,Unusual,spectral_kurtosis
Manchester Orchestra,3.36056804657,-13.575888872074998,26.127237558295,98.5811462402,TRUE,FALSE,TRUE,Unusual,spectral_kurtosis
The Front Bottoms,1.89431679249,5.638599400001887e-4,7.159351110459999,10.4703330994,TRUE,TRUE,TRUE,Out of Range,spectral_kurtosis
All Get Out,0.0379043705761,0.0457754116505625,0.09678261168303748,0.102614097297,TRUE,FALSE,FALSE,Within Range,spectral_flux
Manchester Orchestra,0.0240495931357,0.007807893678450008,0.10055802203715,0.105833612382,TRUE,FALSE,FALSE,Within Range,spectral_flux
The Front Bottoms,0.0653136074543,0.06438436731750002,0.10748650506089999,0.11561139673,TRUE,FALSE,FALSE,Within Range,spectral_flux
All Get Out,6.43918323517,7.001462340366249,7.90847098826875,7.90557861328,TRUE,FALSE,TRUE,Unusual,spectral_entropy
Manchester Orchestra,5.78891563416,5.217238903034999,7.975310802465001,7.8917722702,TRUE,FALSE,FALSE,Within Range,spectral_entropy
The Front Bottoms,7.11223840714,7.0977056026600005,7.84589028358,8.01542949677,TRUE,TRUE,TRUE,Out of Range,spectral_entropy
All Get Out,0.00740207638592,0.002992136287474998,0.014843371347545,0.016236782074,TRUE,FALSE,TRUE,Unusual,spectral_energyband_middle_low
Manchester Orchestra,0.00483011268079,0.0012714597396249992,0.017203046474635,0.0229709409177,TRUE,FALSE,FALSE,Within Range,spectral_energyband_middle_low
The Front Bottoms,0.0057830484584,4.5042298735000104e-4,0.01967563666405,0.0230633094907,TRUE,FALSE,FALSE,Within Range,spectral_energyband_middle_low
All Get Out,0.00305313011631,0.0031531204003775,0.008123064413667499,0.00932195037603,TRUE,TRUE,TRUE,Out of Range,spectral_energyband_middle_high
Manchester Orchestra,5.62088622246e-4,-0.0013243639841599994,0.007776217535139999,0.00898000784218,TRUE,FALSE,FALSE,Within Range,spectral_energyband_middle_high
The Front Bottoms,0.00383267272264,0.0029422489460599996,0.007689450168980001,0.00986930914223,TRUE,TRUE,TRUE,Out of Range,spectral_energyband_middle_high
All Get Out,1.56769965542e-4,0.0030104065080812526,0.014558898401473749,0.0273350160569,TRUE,FALSE,FALSE,Within Range,spectral_energyband_low
Manchester Orchestra,1.17135175969e-4,-0.013844035333075001,0.025105868233415,0.0362915582955,TRUE,FALSE,FALSE,Within Range,spectral_energyband_low
The Front Bottoms,0.00837745517492,0.005199338775150003,0.025406623724849996,0.0312695614994,TRUE,FALSE,FALSE,Within Range,spectral_energyband_low
All Get Out,9.07139037736e-5,-2.4151294929187475e-4,0.0014552971333653747,0.0014224894112,TRUE,FALSE,FALSE,Within Range,spectral_energyband_high
Manchester Orchestra,1.9030585463e-5,-7.518476704709999e-4,0.0011636987401289999,0.00186748872511,TRUE,FALSE,FALSE,Within Range,spectral_energyband_high
The Front Bottoms,4.41299140221e-4,1.7249560914749996e-4,0.0017305077053625,0.00289169047028,TRUE,FALSE,FALSE,Within Range,spectral_energyband_high
All Get Out,-1.16662191019e-8,-1.1142019917810002e-8,-4.718039570144999e-9,-4.0900705045e-9,TRUE,FALSE,FALSE,Within Range,spectral_decrease
Manchester Orchestra,-1.33347786146e-8,-1.5376616868695004e-8,-3.107313961684999e-9,-2.39255215639e-9,TRUE,FALSE,FALSE,Within Range,spectral_decrease
The Front Bottoms,-1.2806134819200001e-08,-1.3821257915879998e-8,-7.26090565452e-9,-5.23909493566e-9,TRUE,FALSE,FALSE,Within Range,spectral_decrease
All Get Out,10.9786834717,10.301604986162504,29.988508462937503,33.2580451965,TRUE,TRUE,TRUE,Out of Range,spectral_complexity
Manchester Orchestra,3.67030739784,-3.523820400249999,28.44250059125,30.5031356812,TRUE,FALSE,FALSE,Within Range,spectral_complexity
The Front Bottoms,11.9183702469,14.804765701249998,24.60296821595,28.5667858124,TRUE,TRUE,TRUE,Out of Range,spectral_complexity
All Get Out,836.20715332,419.53572083624965,2031.90782164875,1967.61682129,TRUE,TRUE,FALSE,Out of Range,spectral_centroid
Manchester Orchestra,418.644165039,-231.76016235749978,1683.7839660675,2106.83129883,TRUE,FALSE,FALSE,Within Range,spectral_centroid
The Front Bottoms,924.401367188,584.6712036099999,1869.6881713900002,2412.484375,TRUE,TRUE,FALSE,Out of Range,spectral_centroid
All Get Out,0.0153420232236,-0.07441805955018746,0.17488029878583747,0.335975408554,TRUE,FALSE,FALSE,Within Range,silence_rate_60dB
Manchester Orchestra,0.0101030115038,-0.15483122505275002,0.25883989222375003,0.661128938198,TRUE,FALSE,FALSE,Within Range,silence_rate_60dB
The Front Bottoms,0.0089515382424,-0.040289211086900006,0.0982163464651,0.203788429499,TRUE,FALSE,TRUE,Unusual,silence_rate_60dB
All Get Out,0.957043528557,0.993385113776875,1.001322977244625,1,TRUE,FALSE,FALSE,Within Range,silence_rate_30dB
Manchester Orchestra,0.892023265362,0.9531440138810001,1.009223997593,1,TRUE,FALSE,FALSE,Within Range,silence_rate_30dB
The Front Bottoms,0.935855090618,0.9482096731674999,1.0075471103184999,1,TRUE,FALSE,FALSE,Within Range,silence_rate_30dB
All Get Out,1,1,1,1,TRUE,FALSE,FALSE,Within Range,silence_rate_20dB
Manchester Orchestra,0.996236145496,1,1,1,TRUE,FALSE,FALSE,Within Range,silence_rate_20dB
The Front Bottoms,1,1,1,1,TRUE,FALSE,FALSE,Within Range,silence_rate_20dB
All Get Out,0.482898771763,0.47008696198425015,0.59497964382225,0.612852752209,TRUE,FALSE,FALSE,Within Range,pitch_salience
Manchester Orchestra,0.369207113981,0.4245289862170001,0.5899256169789999,0.613485217094,TRUE,FALSE,FALSE,Within Range,pitch_salience
The Front Bottoms,0.418056994677,0.384364247323,0.577240109443,0.59188169241,TRUE,FALSE,FALSE,Within Range,pitch_salience
All Get Out,12.1103105545,6.8070461750499955,36.4388625622,38.9212341309,TRUE,TRUE,FALSE,Out of Range,melbands_spread
Manchester Orchestra,4.95815515518,-4.19539785385,29.12740278245,39.4461860657,TRUE,FALSE,FALSE,Within Range,melbands_spread
The Front Bottoms,14.9669589996,10.688340187099994,29.4846143723,45.6108474731,TRUE,TRUE,TRUE,Out of Range,melbands_spread
All Get Out,1.58133244514,1.37421852351,3.051399886605,3.9068672657,TRUE,FALSE,TRUE,Unusual,melbands_skewness
Manchester Orchestra,1.60286509991,1.2582231759950002,3.574373602865,5.01490688324,TRUE,FALSE,TRUE,Unusual,melbands_skewness
The Front Bottoms,1.99788236618,1.9009102583000002,3.8053766489,4.2659702301,TRUE,FALSE,TRUE,Unusual,melbands_skewness
All Get Out,4.67259311676,-2.748116254868753,20.88903594022375,33.7888832092,TRUE,TRUE,TRUE,Out of Range,melbands_kurtosis
Manchester Orchestra,6.65489339828,-3.694663047750005,28.445422172550003,60.8496665955,TRUE,FALSE,TRUE,Unusual,melbands_kurtosis
The Front Bottoms,6.67332267761,1.3017578125499991,29.62718963625,569.309814453,TRUE,FALSE,TRUE,Unusual,melbands_kurtosis
All Get Out,0.135898038745,0.08318012394087504,0.252901984378625,0.325919121504,TRUE,TRUE,TRUE,Out of Range,melbands_flatness_db
Manchester Orchestra,0.137924492359,0.028480671345500003,0.39150447398449995,0.451513230801,TRUE,FALSE,FALSE,Within Range,melbands_flatness_db
The Front Bottoms,0.147953659296,0.14723350107650002,0.2418329566715,0.256404489279,TRUE,TRUE,TRUE,Out of Range,melbands_flatness_db
All Get Out,11.1353931427,11.314049601562498,15.515255093587502,17.179725647,TRUE,FALSE,TRUE,Unusual,melbands_crest
Manchester Orchestra,11.804186821,9.779361248099999,17.9173951149,22.1097335815,TRUE,FALSE,FALSE,Within Range,melbands_crest
The Front Bottoms,11.9126529694,10.175295352949998,17.769156932850002,19.2606964111,TRUE,FALSE,FALSE,Within Range,melbands_crest
All Get Out,-17.5582427979,-19.351896047688754,-5.549052476861249,-6.60537338257,TRUE,FALSE,FALSE,Within Range,loudness_ebu128_short_term
Manchester Orchestra,-26.817937851,-25.733573913605,-5.838930129995001,-6.59925127029,TRUE,FALSE,FALSE,Within Range,loudness_ebu128_short_term
The Front Bottoms,-12.7925567627,-11.27862262725,-7.2724523544299995,-6.48213243484,TRUE,TRUE,TRUE,Out of Range,loudness_ebu128_short_term
All Get Out,-18.3044204712,-20.140730142629998,-6.322308301919999,-6.98175144196,TRUE,FALSE,FALSE,Within Range,loudness_ebu128_momentary
Manchester Orchestra,-28.7853527069,-29.316084384905004,-5.6904578208949985,-7.12246084213,TRUE,FALSE,FALSE,Within Range,loudness_ebu128_momentary
The Front Bottoms,-13.9886875153,-13.366448879224999,-7.498413562775001,-6.73465442657,TRUE,TRUE,TRUE,Out of Range,loudness_ebu128_momentary
All Get Out,2.21633625031,-2.0461272001237507,11.75987422465875,16.3731803894,TRUE,FALSE,FALSE,Within Range,loudness_ebu128_loudness_range
Manchester Orchestra,2.63436317444,-4.737565279074998,15.313223123614998,22.8790397644,TRUE,FALSE,FALSE,Within Range,loudness_ebu128_loudness_range
The Front Bottoms,1.54096269608,-2.112534046165,8.104044437405001,11.3696079254,TRUE,TRUE,TRUE,Out of Range,loudness_ebu128_loudness_range
All Get Out,11.400636673,6.8197004794875,29.998153448062496,31.9640026093,TRUE,FALSE,FALSE,Within Range,hfc
Manchester Orchestra,5.37967014313,-1.8993620871999983,26.664653301199998,31.415391922,TRUE,FALSE,FALSE,Within Range,hfc
The Front Bottoms,17.0864086151,14.626332283,30.546854972800002,38.2548599243,TRUE,TRUE,TRUE,Out of Range,hfc
All Get Out,17.9357471466,25.777881145362493,43.951794147537505,44.6661911011,TRUE,FALSE,FALSE,Within Range,erbbands_spread
Manchester Orchestra,16.0857944489,4.889659881599993,45.98060989380001,62.5327262878,TRUE,FALSE,FALSE,Within Range,erbbands_spread
The Front Bottoms,30.337146759,30.91428184499999,50.460138321,53.5220375061,TRUE,FALSE,FALSE,Within Range,erbbands_spread
All Get Out,-0.434698283672,-0.8111475016925,0.572319669649,0.83578056097,TRUE,TRUE,TRUE,Out of Range,erbbands_skewness
Manchester Orchestra,-0.330092012882,-0.8592926263815,1.1193515062335,1.6736959219,TRUE,FALSE,TRUE,Unusual,erbbands_skewness
The Front Bottoms,-0.701558887959,-0.667590502649,0.481728304177,0.797529101372,TRUE,TRUE,TRUE,Out of Range,erbbands_skewness
All Get Out,-0.265074491501,-1.02663015946725,1.18576033040865,2.82641458511,TRUE,TRUE,TRUE,Out of Range,erbbands_kurtosis
Manchester Orchestra,-0.0982730835676,-2.1856111287999997,3.262711405748,8.78102302551,TRUE,FALSE,TRUE,Unusual,erbbands_kurtosis
The Front Bottoms,-0.18029999733,-0.928310565651,1.357986293733,6.21942281723,TRUE,TRUE,TRUE,Out of Range,erbbands_kurtosis
All Get Out,0.130642801523,0.11543910764124998,0.17303215898574997,0.281939983368,TRUE,FALSE,TRUE,Unusual,erbbands_flatness_db
Manchester Orchestra,0.122596643865,0.06312090903350001,0.2434573099025,0.305950015783,TRUE,FALSE,FALSE,Within Range,erbbands_flatness_db
The Front Bottoms,0.121074952185,0.1158779785045,0.1628701463335,0.185928940773,TRUE,TRUE,TRUE,Out of Range,erbbands_flatness_db
All Get Out,2.02467513084,-0.4024951756099999,6.045268684629999,7.95724439621,TRUE,FALSE,FALSE,Within Range,dynamic_complexity
Manchester Orchestra,1.96192359924,-0.8998186588150001,7.527282953255,13.2050952911,TRUE,FALSE,FALSE,Within Range,dynamic_complexity
The Front Bottoms,1.63315093517,1.0031341314400002,4.1967631578399995,6.5027141571,TRUE,FALSE,TRUE,Unusual,dynamic_complexity
All Get Out,0.396982818842,0.4362380839880001,0.48358906432999993,0.480492979288,TRUE,FALSE,TRUE,Unusual,dissonance
Manchester Orchestra,0.365194410086,0.36408309638549996,0.4857009798285,0.480991095304,TRUE,FALSE,FALSE,Within Range,dissonance
The Front Bottoms,0.432063788176,0.441626802087,0.47627888619900005,0.482941865921,TRUE,TRUE,TRUE,Out of Range,dissonance
All Get Out,8.65230083466,9.250622987699996,32.69707083705,34.6314277649,TRUE,FALSE,FALSE,Within Range,barkbands_spread
Manchester Orchestra,5.70304107666,-7.0097150802999995,29.1479787827,36.5107192993,TRUE,FALSE,FALSE,Within Range,barkbands_spread
The Front Bottoms,16.5248584747,11.086055755599997,31.523086547800002,44.7359542847,TRUE,TRUE,TRUE,Out of Range,barkbands_spread
All Get Out,0.71010154485700006,0.5175292044899998,1.745809182525,2.55099225044,TRUE,TRUE,TRUE,Out of Range,barkbands_skewness
Manchester Orchestra,0.835669994354,0.3961268663350004,2.5004743337649997,4.19446372986,TRUE,FALSE,TRUE,Unusual,barkbands_skewness
The Front Bottoms,0.745804548264,1.03211659194,2.06421524286,2.40908789635,TRUE,TRUE,TRUE,Out of Range,barkbands_skewness
All Get Out,0.617540478706,-2.6464365720737493,7.876433730128749,17.6760120392,TRUE,TRUE,TRUE,Out of Range,barkbands_kurtosis
Manchester Orchestra,0.220867827535,-9.460241794649999,19.287594318449997,43.711517334,TRUE,FALSE,TRUE,Unusual,barkbands_kurtosis
The Front Bottoms,1.14310264587,-3.575279951085,11.969886541365,23.8971691132,TRUE,TRUE,TRUE,Out of Range,barkbands_kurtosis
All Get Out,0.0835188701749,0.05833316594349997,0.16615568846500003,0.249889358878,TRUE,FALSE,TRUE,Unusual,barkbands_flatness_db
Manchester Orchestra,0.0902328193188,0.020922265946499985,0.2723883464935,0.335988044739,TRUE,FALSE,FALSE,Within Range,barkbands_flatness_db
The Front Bottoms,0.0953515022993,0.09899638593150002,0.16169704496850001,0.191619604826,TRUE,TRUE,TRUE,Out of Range,barkbands_flatness_db
All Get Out,7.01232099533,6.935364246367498,10.5893440246575,13.4127187729,TRUE,FALSE,TRUE,Unusual,barkbands_crest
Manchester Orchestra,8.57054424286,6.7501516342,12.95982456208,15.6588315964,TRUE,FALSE,FALSE,Within Range,barkbands_crest
The Front Bottoms,8.11133861542,7.7973189354249985,12.024340152715,12.9901924133,TRUE,FALSE,FALSE,Within Range,barkbands_crest
All Get Out,0.15663202107,0.6983871012931251,0.998561337590375,0.969071567059,TRUE,FALSE,TRUE,Unusual,average_loudness
Manchester Orchestra,0.00231060013175,0.011377990244499925,1.1005440354355,0.969001412392,TRUE,FALSE,FALSE,Within Range,average_loudness
The Front Bottoms,0.545008778572,0.8500483930099999,0.9755777418620001,0.977469146252,TRUE,FALSE,TRUE,Unusual,average_loudness
All Get Out,280,232,592,772,TRUE,FALSE,FALSE,Within Range,beats_count
Manchester Orchestra,163,221,653,849,TRUE,FALSE,FALSE,Within Range,beats_count
The Front Bottoms,180,192.5,615.5,742,TRUE,FALSE,FALSE,Within Range,beats_count
All Get Out,0.0210611540824,0.01820656098427502,0.046495344489824994,0.0585916265845,TRUE,FALSE,FALSE,Within Range,beats_loudness
Manchester Orchestra,0.0123256882653,0.005078636109949998,0.05198732018465,0.0775790438056,TRUE,FALSE,FALSE,Within Range,beats_loudness
The Front Bottoms,0.0287638884038,0.020937373861650007,0.06686129607255,0.0829901695251,TRUE,FALSE,FALSE,Within Range,beats_loudness
All Get Out,85,97.5,148.5,161,TRUE,FALSE,FALSE,Within Range,bpm_histogram_first_peak_bpm
Manchester Orchestra,67,71.5,158.5,185,TRUE,FALSE,FALSE,Within Range,bpm_histogram_first_peak_bpm
The Front Bottoms,81,84,156,167,TRUE,FALSE,FALSE,Within Range,bpm_histogram_first_peak_bpm
All Get Out,0.0285714268684,0.048729114234250054,0.4720912650227499,0.575581431389,TRUE,FALSE,FALSE,Within Range,bpm_histogram_first_peak_weight
Manchester Orchestra,0,-0.09612250328049998,0.6050831079485,0.713513493538,TRUE,FALSE,FALSE,Within Range,bpm_histogram_first_peak_weight
The Front Bottoms,0,-0.07125088572600002,0.595060437918,0.6213991642,TRUE,FALSE,FALSE,Within Range,bpm_histogram_first_peak_weight
All Get Out,92,87,153,172,TRUE,FALSE,FALSE,Within Range,bpm_histogram_second_peak_bpm
Manchester Orchestra,0,70.5,163.5,178,TRUE,FALSE,FALSE,Within Range,bpm_histogram_second_peak_bpm
The Front Bottoms,77,64.5,169.5,178,TRUE,FALSE,FALSE,Within Range,bpm_histogram_second_peak_bpm
All Get Out,0,-0.3023503944277499,0.5661843344572499,0.611111104488,TRUE,FALSE,FALSE,Within Range,bpm_histogram_second_peak_spread
Manchester Orchestra,0,-0.625,0.6875,0.675000071526,TRUE,FALSE,FALSE,Within Range,bpm_histogram_second_peak_spread
The Front Bottoms,0,-0.515625,0.515625,0.638297915459,TRUE,FALSE,FALSE,Within Range,bpm_histogram_second_peak_spread
All Get Out,0.00609756074846,-0.048921726644012495,0.0856926664710125,0.316890895367,TRUE,FALSE,FALSE,Within Range,bpm_histogram_second_peak_weight
Manchester Orchestra,0,-0.13123558741074998,0.17653175350294997,0.453760772943,TRUE,FALSE,FALSE,Within Range,bpm_histogram_second_peak_weight
The Front Bottoms,0.00399201596156,-0.11670907959350002,0.1522420756519,0.443217664957,TRUE,FALSE,FALSE,Within Range,bpm_histogram_second_peak_weight
All Get Out,1.65749394894,1.725844591855,3.12003913522,4.0527973175,TRUE,FALSE,FALSE,Within Range,onset_rate
Manchester Orchestra,1.0812305212,0.42530655860999955,3.70012354851,4.62492418289,TRUE,FALSE,FALSE,Within Range,onset_rate
The Front Bottoms,2.62517237663,2.2777315378100003,4.57496058941,4.72325468063,TRUE,TRUE,TRUE,Out of Range,onset_rate
All Get Out,0.609923481941,0.2610827535390001,1.0771669298414999,0.975588440895,TRUE,FALSE,FALSE,Within Range,tuning_nontempered_energy_ratio
Manchester Orchestra,0.602895140648,0.44012901187050013,0.8882612287995,0.976597368717,TRUE,FALSE,TRUE,Unusual,tuning_nontempered_energy_ratio
The Front Bottoms,0.637160420418,0.3112211823474999,1.0657669901845,0.96653419733,TRUE,FALSE,FALSE,Within Range,tuning_nontempered_energy_ratio
All Get Out,434.193115234,423.95610046300004,444.43013000499997,443.060424805,TRUE,FALSE,FALSE,Within Range,tuning_frequency
Manchester Orchestra,434.193115234,432.13778686549995,442.7937927245,443.572570801,TRUE,FALSE,FALSE,Within Range,tuning_frequency
The Front Bottoms,434.193115234,425.10142517049997,443.28480529750004,456.04309082,TRUE,FALSE,FALSE,Within Range,tuning_frequency
All Get Out,0.00268451031297,-0.25020156591225,0.28758517908885,0.290387243032,TRUE,FALSE,FALSE,Within Range,tuning_equal_tempered_deviation
Manchester Orchestra,0.0033546378836,-0.11903394944899999,0.1851430926466,0.267783612013,TRUE,FALSE,TRUE,Unusual,tuning_equal_tempered_deviation
The Front Bottoms,0.00841389596462,-0.2673327149825,0.32708580140050003,0.35401237011,TRUE,FALSE,FALSE,Within Range,tuning_equal_tempered_deviation
All Get Out,0.496312916279,0.43938532471725006,0.70774355530725,0.740254163742,TRUE,FALSE,FALSE,Within Range,tuning_diatonic_strength
Manchester Orchestra,0.441575139761,0.44757479429349983,0.6779633164405001,0.705719232559,TRUE,FALSE,FALSE,Within Range,tuning_diatonic_strength
The Front Bottoms,0.509873509407,0.5049725770955,0.7320902347564999,0.731336116791,TRUE,FALSE,FALSE,Within Range,tuning_diatonic_strength
All Get Out,1.57173061371,1.7201011925999996,2.19051979482,2.24090456963,TRUE,FALSE,FALSE,Within Range,hpcp_entropy
Manchester Orchestra,1.24189674854,1.3096250891649999,2.164652168755,2.17806196213,TRUE,FALSE,FALSE,Within Range,hpcp_entropy
The Front Bottoms,1.73210334778,1.6403470635350001,2.178001582625,2.27260184288,TRUE,FALSE,FALSE,Within Range,hpcp_entropy
All Get Out,12.4139871597,11.040133714624996,14.741975545925001,17.4712200165,TRUE,FALSE,FALSE,Within Range,hpcp_crest
Manchester Orchestra,12.4618787766,10.45679664615,16.44649124145,20.6618213654,TRUE,FALSE,FALSE,Within Range,hpcp_crest
The Front Bottoms,11.8826761246,11.247810363800001,14.604631423999999,16.3069324493,TRUE,FALSE,FALSE,Within Range,hpcp_crest
All Get Out,0.468893408775,0.46559043228525016,0.5478439480072499,0.588355660439,TRUE,FALSE,TRUE,Unusual,chords_strength
Manchester Orchestra,0.482837587595,0.44895303249400015,0.5830026865,0.620255112648,TRUE,FALSE,TRUE,Unusual,chords_strength
The Front Bottoms,0.477276712656,0.45639869570700003,0.545854479075,0.566394746304,TRUE,TRUE,TRUE,Out of Range,chords_strength
All Get Out,0.00115096871741,6.607865943799999e-4,0.0027538706635849997,0.0036712794099,TRUE,FALSE,FALSE,Within Range,chords_number_rate
Manchester Orchestra,7.48262973502e-4,3.755115902999992e-5,0.00277187605389,0.00498414132744,TRUE,FALSE,FALSE,Within Range,chords_number_rate
The Front Bottoms,0.00139977608342,5.983532173650004e-4,0.003257440053855,0.00455753877759,TRUE,FALSE,FALSE,Within Range,chords_number_rate
All Get Out,0.0219119228423,0.02531882468607499,0.066945116035625,0.0860144421458,TRUE,FALSE,FALSE,Within Range,chords_changes_rate
Manchester Orchestra,0.0223509930074,0.016778510063900007,0.0598172359169,0.0721295401454,TRUE,FALSE,FALSE,Within Range,chords_changes_rate
The Front Bottoms,0.0344478227198,0.0296962708236,0.0736389905214,0.0838517025113,TRUE,FALSE,FALSE,Within Range,chords_changes_rate
All Get Out,-9.678598e-4,-0.009277585624999973,0.08614409912499998,0.14350879,TRUE,FALSE,FALSE,Within Range,approachability
Manchester Orchestra,-0.0044495934,-0.05278077999999999,0.16642874,0.2351666,TRUE,FALSE,FALSE,Within Range,approachability
The Front Bottoms,-0.016932858,0.010555719999999984,0.13550572,0.28955665,TRUE,FALSE,FALSE,Within Range,approachability
All Get Out,0.27381968,0.24312424500000004,0.463034925,0.6653815,TRUE,FALSE,TRUE,Unusual,engagement
Manchester Orchestra,0.18881226,0.111262695,0.530431965,0.7144117,TRUE,FALSE,TRUE,Unusual,engagement
The Front Bottoms,0.13806485,0.19409023499999997,0.538125825,0.6576917,TRUE,FALSE,TRUE,Unusual,engagement
All Get Out,3.9010249,3.966275883333334,4.620988283333333,4.697101666666666,TRUE,FALSE,FALSE,Within Range,valence
Manchester Orchestra,3.7054885,3.579586150000001,4.61921145,4.6476009,TRUE,FALSE,FALSE,Within Range,valence
The Front Bottoms,4.123668533333333,4.183203766666667,4.655678366666667,4.7954602,TRUE,TRUE,TRUE,Out of Range,valence
All Get Out,3.804857933333333,3.7562538708333335,4.449659895833333,4.452255466666666,TRUE,FALSE,FALSE,Within Range,arousal
Manchester Orchestra,3.6464782,3.5298911333333334,4.297124133333334,4.447084133333333,TRUE,FALSE,FALSE,Within Range,arousal
The Front Bottoms,3.878224833333333,3.9821808500000007,4.30901055,4.4429674,TRUE,FALSE,FALSE,Within Range,arousal
All Get Out,0.30937332,0.5210545075000002,0.8061226074999999,0.87926872,TRUE,FALSE,FALSE,Within Range,model_danceability
Manchester Orchestra,0.0439175785,-0.08831955999999996,0.89882423,0.8831308250000001,TRUE,FALSE,FALSE,Within Range,model_danceability
The Front Bottoms,0.28467713499999997,0.40431443999999983,0.8455981800000001,0.869214435,TRUE,FALSE,FALSE,Within Range,model_danceability
All Get Out,0.122020005,0.19086407125,0.67435451875,0.68425165,TRUE,FALSE,FALSE,Within Range,aggressive
Manchester Orchestra,0.03368856514999999,-0.2851644175,0.7004742875000001,0.7375748,TRUE,FALSE,FALSE,Within Range,aggressive
The Front Bottoms,0.1408212025,0.23569470999999997,0.56421166,0.66757998,TRUE,FALSE,TRUE,Unusual,aggressive
All Get Out,0.00366313275,-3.685347687500248e-4,0.011487406393750003,0.01261480999999999,TRUE,FALSE,FALSE,Within Range,happy
Manchester Orchestra,0.0043731837,1.0426162499973558e-5,0.012678303607500007,0.0194891952,TRUE,FALSE,FALSE,Within Range,happy
The Front Bottoms,0.0036083293,-0.009006244249999988,0.030530952249999986,0.0647530125,TRUE,FALSE,FALSE,Within Range,happy
All Get Out,0.94083725,0.9465849468749999,0.993314323125,0.994506785,TRUE,FALSE,FALSE,Within Range,party
Manchester Orchestra,0.8823112,0.9509517999999999,0.9974476000000001,0.997243665,TRUE,FALSE,FALSE,Within Range,party
The Front Bottoms,0.926644715,0.9355488875000001,0.9934729625,0.992359025,TRUE,FALSE,FALSE,Within Range,party
All Get Out,0.028585181,-0.08047318875000001,0.40741580625000007,0.439264685,TRUE,FALSE,FALSE,Within Range,relax
Manchester Orchestra,0.01362312085,-0.22766909325,0.32380628865,0.41066252,TRUE,FALSE,FALSE,Within Range,relax
The Front Bottoms,0.104129808,0.15687475000000003,0.46158097,0.4709058,TRUE,FALSE,FALSE,Within Range,relax
All Get Out,0.40422835,0.5644207937500003,0.8185570787499998,0.87066355,TRUE,FALSE,FALSE,Within Range,sad
Manchester Orchestra,0.12675545,0.2450176449999999,0.876989875,0.85532073,TRUE,FALSE,FALSE,Within Range,sad
The Front Bottoms,0.307300735,0.5019356649999999,0.838172335,0.86267525,TRUE,FALSE,FALSE,Within Range,sad
All Get Out,0.0302022,-0.015821376000000012,0.15682118849999999,0.36489758,TRUE,FALSE,FALSE,Within Range,acoustic
Manchester Orchestra,0.0296764282,-0.11419154424999996,0.29516431325,0.78411522,TRUE,FALSE,FALSE,Within Range,acoustic
The Front Bottoms,0.024947537,-0.06921969875000002,0.23202877375000003,0.607249425,TRUE,FALSE,FALSE,Within Range,acoustic
All Get Out,0.5794137500000001,0.7795385124999997,0.9149652250000001,0.94872098,TRUE,FALSE,FALSE,Within Range,electronic
Manchester Orchestra,0.257243095,0.4527075675000003,0.9904506824999999,0.95257635,TRUE,FALSE,FALSE,Within Range,electronic
The Front Bottoms,0.49021682,0.7039563874999999,0.9258188525,0.9400428,TRUE,FALSE,FALSE,Within Range,electronic
All Get Out,0.098989435,0.04792813750000002,0.27090247,0.35617967,TRUE,FALSE,FALSE,Within Range,instrumental
Manchester Orchestra,0.087254848,0.03484411500000004,0.3007664849999999,0.346599115,TRUE,FALSE,FALSE,Within Range,instrumental
The Front Bottoms,0.077112595,0.027998537499999948,0.4215567925,0.619545875,TRUE,FALSE,FALSE,Within Range,instrumental
All Get Out,0.44023708,0.43349932625,0.47406939875,0.4729743,TRUE,FALSE,FALSE,Within Range,timbreBright
Manchester Orchestra,0.4449076,0.44169513,0.47479011,0.4836696,TRUE,FALSE,FALSE,Within Range,timbreBright
The Front Bottoms,0.4373234,0.4244818,0.47219619999999995,0.47134325,TRUE,FALSE,FALSE,Within Range,timbreBright
All Get Out,110,-9.25,380.75,933,TRUE,FALSE,FALSE,Within Range,WC
Manchester Orchestra,88,21,309,400,TRUE,FALSE,FALSE,Within Range,WC
The Front Bottoms,132,91,403,564,TRUE,FALSE,FALSE,Within Range,WC
All Get Out,1,-35.00375,40.40875,85.25,TRUE,FALSE,TRUE,Unusual,Analytic
Manchester Orchestra,1,-19.455000000000002,25.335000000000004,78.96,TRUE,FALSE,TRUE,Unusual,Analytic
The Front Bottoms,1,-26.165,32.665,57.73,TRUE,TRUE,TRUE,Out of Range,Analytic
All Get Out,1,-91.72875,109.54875,99,TRUE,FALSE,FALSE,Within Range,Clout
Manchester Orchestra,1,-61.545000000000016,91.48500000000001,98.83,TRUE,FALSE,FALSE,Within Range,Clout
The Front Bottoms,1,-83.31,102.38999999999999,96.93,TRUE,FALSE,FALSE,Within Range,Clout
All Get Out,13.33,69.10625000000002,104.97874999999999,99,TRUE,FALSE,TRUE,Unusual,Authentic
Manchester Orchestra,14.81,47.06500000000001,107.27499999999999,99,TRUE,FALSE,FALSE,Within Range,Authentic
The Front Bottoms,12.44,46.974999999999994,108.745,99,TRUE,FALSE,FALSE,Within Range,Authentic
All Get Out,16.13,-153.9375,295.6875,374,TRUE,FALSE,TRUE,Unusual,WPS
Manchester Orchestra,21.83,-109.75,260.75,387,TRUE,FALSE,TRUE,Unusual,WPS
The Front Bottoms,12.1,-165.825,291.16499999999996,413,TRUE,FALSE,TRUE,Unusual,WPS
All Get Out,2.5,0.30875000000000075,12.526250000000001,14.01,TRUE,FALSE,FALSE,Within Range,BigWords
Manchester Orchestra,2.45,-0.6500000000000004,13.33,25,TRUE,FALSE,FALSE,Within Range,BigWords
The Front Bottoms,3.94,-0.6550000000000002,14.315000000000001,19.85,TRUE,FALSE,FALSE,Within Range,BigWords
All Get Out,84.24,85.38749999999999,98.8725,98.71,TRUE,FALSE,FALSE,Within Range,Dic
Manchester Orchestra,88.36,85.57000000000001,98.89,99.22,TRUE,FALSE,FALSE,Within Range,Dic
The Front Bottoms,85.41,86.435,98.58500000000001,99.6,TRUE,FALSE,FALSE,Within Range,Dic
All Get Out,65.49,61.83374999999996,86.93625000000003,91.3,TRUE,FALSE,FALSE,Within Range,Linguistic
Manchester Orchestra,69.94,66.315,88.185,90.38,TRUE,FALSE,FALSE,Within Range,Linguistic
The Front Bottoms,64.77,67.410000000000025,85.16999999999999,93.45,TRUE,FALSE,FALSE,Within Range,Linguistic
All Get Out,49.82,36.9125,70.79750000000001,74.05,TRUE,FALSE,TRUE,Unusual,fnct
Manchester Orchestra,54.41,52.559999999999995,68.82,77.88,TRUE,FALSE,TRUE,Unusual,fnct
The Front Bottoms,45.56,49.28999999999999,68.19000000000001,73.5,TRUE,FALSE,TRUE,Unusual,fnct
All Get Out,11.72,7.2425000000000015,31.6325,40.67,TRUE,FALSE,FALSE,Within Range,pronoun
Manchester Orchestra,17.24,15.124999999999998,30.275,33.8,TRUE,FALSE,FALSE,Within Range,pronoun
The Front Bottoms,13.33,11.790000000000004,28.589999999999996,37.23,TRUE,FALSE,FALSE,Within Range,pronoun
All Get Out,6.04,4.498750000000003,24.69625,25.7,TRUE,FALSE,FALSE,Within Range,ppron
Manchester Orchestra,8.7,8.000000000000004,23.779999999999998,28.17,TRUE,FALSE,FALSE,Within Range,ppron
The Front Bottoms,9.23,8.96,21.8,31.69,TRUE,FALSE,FALSE,Within Range,ppron
All Get Out,1.5,-3.295,16.174999999999997,18.73,TRUE,FALSE,FALSE,Within Range,i
Manchester Orchestra,0.54,-0.04000000000000181,14.48,20.59,TRUE,FALSE,FALSE,Within Range,i
The Front Bottoms,2.26,2.375,14.165,17.54,TRUE,FALSE,FALSE,Within Range,i
All Get Out,0,-1.5862500000000002,1.5862500000000002,6.67,TRUE,FALSE,FALSE,Within Range,we
Manchester Orchestra,0,-2.715,2.715,6.76,TRUE,FALSE,FALSE,Within Range,we
The Front Bottoms,0,-2.04,2.04,5,TRUE,FALSE,FALSE,Within Range,we
All Get Out,0,-3.6462499999999993,10.38625,15.33,TRUE,FALSE,FALSE,Within Range,you
Manchester Orchestra,0.77,-2.3099999999999996,9.57,13.39,TRUE,TRUE,FALSE,Out of Range,you
The Front Bottoms,0,-1.6150000000000002,8.135,11.2,TRUE,FALSE,FALSE,Within Range,you
All Get Out,0,-0.32624999999999993,0.32624999999999993,2.96,TRUE,FALSE,FALSE,Within Range,shehe
Manchester Orchestra,0,-1.17,1.17,9.95,TRUE,FALSE,FALSE,Within Range,shehe
The Front Bottoms,0,-1.6350000000000002,1.6350000000000002,10.86,TRUE,FALSE,FALSE,Within Range,shehe
All Get Out,0,-1.2562499999999999,1.2562499999999999,2.68,TRUE,FALSE,FALSE,Within Range,they
Manchester Orchestra,0,-0.8699999999999999,0.8699999999999999,4.83,TRUE,FALSE,FALSE,Within Range,they
The Front Bottoms,0,-1.59,1.59,5.41,TRUE,FALSE,FALSE,Within Range,they
All Get Out,2.55,-0.48249999999999726,9.8525,16,TRUE,FALSE,FALSE,Within Range,ipron
Manchester Orchestra,1.08,-0.7300000000000013,10.850000000000001,14.13,TRUE,FALSE,FALSE,Within Range,ipron
The Front Bottoms,1.84,-0.08000000000000007,8.44,13.94,TRUE,FALSE,TRUE,Unusual,ipron
All Get Out,6.38,7.491250000000002,15.80875,30.77,TRUE,FALSE,TRUE,Unusual,det
Manchester Orchestra,2.82,1.4300000000000015,19.189999999999998,20.97,TRUE,TRUE,TRUE,Out of Range,det
The Front Bottoms,4.26,4.704999999999998,16.315,19.43,TRUE,TRUE,TRUE,Out of Range,det
All Get Out,1.29,-0.37374999999999936,7.10375,8.97,TRUE,FALSE,TRUE,Unusual,article
Manchester Orchestra,0.7,-0.4550000000000005,8.095,12.79,TRUE,FALSE,FALSE,Within Range,article
The Front Bottoms,0,-0.5549999999999997,7.574999999999999,8.96,TRUE,FALSE,FALSE,Within Range,article
All Get Out,0,-1.56,1.56,5.49,TRUE,FALSE,FALSE,Within Range,number
Manchester Orchestra,0,-1.5150000000000001,1.5150000000000001,3.69,TRUE,FALSE,FALSE,Within Range,number
The Front Bottoms,0,-1.125,1.125,3.76,TRUE,FALSE,FALSE,Within Range,number
All Get Out,5.96,5.778750000000004,13.226249999999999,17.58,TRUE,TRUE,TRUE,Out of Range,prep
Manchester Orchestra,4.79,3.880000000000001,15.459999999999999,18.44,TRUE,TRUE,TRUE,Out of Range,prep
The Front Bottoms,4,4.584999999999998,14.935000000000002,24.24,TRUE,FALSE,TRUE,Unusual,prep
All Get Out,1.47,3.48125,15.05375,23.49,TRUE,FALSE,FALSE,Within Range,auxverb
Manchester Orchestra,2.06,1.8149999999999995,15.525,21.43,TRUE,FALSE,FALSE,Within Range,auxverb
The Front Bottoms,4.55,3.7650000000000015,15.375,21.86,TRUE,FALSE,FALSE,Within Range,auxverb
All Get Out,0.74,-1.72375,10.373750000000001,14.45,TRUE,FALSE,FALSE,Within Range,adverb
Manchester Orchestra,1.54,1.4099999999999993,9.629999999999999,23.08,TRUE,FALSE,FALSE,Within Range,adverb
The Front Bottoms,2.2,-0.4299999999999997,10.129999999999999,17.35,TRUE,FALSE,FALSE,Within Range,adverb
All Get Out,0.91,-0.5087499999999996,7.19375,10.68,TRUE,TRUE,FALSE,Out of Range,conj
Manchester Orchestra,0,0.7400000000000007,8.42,14.43,TRUE,FALSE,TRUE,Unusual,conj
The Front Bottoms,0,-1.174999999999999,10.135,12.31,TRUE,FALSE,FALSE,Within Range,conj
All Get Out,0,-2.745,6.06,13.04,TRUE,FALSE,FALSE,Within Range,negate
Manchester Orchestra,0,-2.2449999999999997,6.365,11.4,TRUE,FALSE,FALSE,Within Range,negate
The Front Bottoms,0,-2.7449999999999997,5.205,12.89,TRUE,FALSE,FALSE,Within Range,negate
All Get Out,11.54,15.056249999999997,27.603749999999998,41.81,TRUE,FALSE,FALSE,Within Range,verb
Manchester Orchestra,13.85,11.689999999999998,30.53,39.72,TRUE,FALSE,FALSE,Within Range,verb
The Front Bottoms,11.92,10.930000000000005,28.269999999999996,35.79,TRUE,FALSE,FALSE,Within Range,verb
All Get Out,1.16,-2.212499999999999,9.7875,14.78,TRUE,FALSE,FALSE,Within Range,adj
Manchester Orchestra,0,-2.7249999999999996,7.5649999999999995,18.27,TRUE,FALSE,FALSE,Within Range,adj
The Front Bottoms,1.62,-2.6849999999999987,10.184999999999999,14.92,TRUE,FALSE,FALSE,Within Range,adj
All Get Out,0.55,-0.3087499999999985,6.118749999999999,20.33,TRUE,FALSE,TRUE,Unusual,quantity
Manchester Orchestra,0,-2.245,5.105,8.65,TRUE,FALSE,TRUE,Unusual,quantity
The Front Bottoms,0,-0.8250000000000006,5.205,13.33,TRUE,FALSE,TRUE,Unusual,quantity
All Get Out,0,-1.9637499999999999,5.10875,11.48,TRUE,FALSE,FALSE,Within Range,Drives
Manchester Orchestra,0,-1.395,5.234999999999999,8.68,TRUE,FALSE,FALSE,Within Range,Drives
The Front Bottoms,0,-3.704999999999999,5.864999999999999,13.5,TRUE,FALSE,FALSE,Within Range,Drives
All Get Out,0,-1.5125,2.6125,10,TRUE,FALSE,FALSE,Within Range,affiliation
Manchester Orchestra,0,-2.3299999999999996,3.3699999999999997,7.92,TRUE,FALSE,FALSE,Within Range,affiliation
The Front Bottoms,0,-3.4549999999999996,4.194999999999999,9,TRUE,FALSE,FALSE,Within Range,affiliation
All Get Out,0,-1.71,1.71,3.33,TRUE,FALSE,FALSE,Within Range,achieve
Manchester Orchestra,0,-2.19,2.19,3.85,TRUE,FALSE,FALSE,Within Range,achieve
The Front Bottoms,0,-1.23,1.23,4.5,TRUE,FALSE,FALSE,Within Range,achieve
All Get Out,0,-1.7399999999999998,1.7399999999999998,4.42,TRUE,FALSE,TRUE,Unusual,power
Manchester Orchestra,0,-1.305,1.305,3.08,TRUE,FALSE,TRUE,Unusual,power
The Front Bottoms,0,-1.065,1.065,3.07,TRUE,FALSE,TRUE,Unusual,power
All Get Out,9.49,3.3824999999999985,22.822499999999998,30.1,TRUE,TRUE,FALSE,Out of Range,Cognition
Manchester Orchestra,4.12,-0.5649999999999995,25.085,28.91,TRUE,FALSE,FALSE,Within Range,Cognition
The Front Bottoms,6.74,4.2049999999999965,21.035000000000004,27.95,TRUE,FALSE,FALSE,Within Range,Cognition
All Get Out,0,-1.645,6.1850000000000005,9.02,TRUE,FALSE,FALSE,Within Range,allnone
Manchester Orchestra,0,-3.2850000000000006,5.745000000000001,9.24,TRUE,FALSE,FALSE,Within Range,allnone
The Front Bottoms,0,-2.0749999999999993,5.095,9.13,TRUE,FALSE,FALSE,Within Range,allnone
All Get Out,6.04,2.5562500000000012,17.18875,22.97,TRUE,TRUE,FALSE,Out of Range,cogproc
Manchester Orchestra,4.12,3.2499999999999982,18.130000000000003,23.94,TRUE,FALSE,FALSE,Within Range,cogproc
The Front Bottoms,4.62,2.775000000000002,17.145,26.38,TRUE,FALSE,FALSE,Within Range,cogproc
All Get Out,0.75,-1.2237499999999994,5.518749999999999,14.71,TRUE,FALSE,FALSE,Within Range,insight
Manchester Orchestra,0.48,-2.2350000000000003,6.495,8.51,TRUE,FALSE,FALSE,Within Range,insight
The Front Bottoms,0,-2.9550000000000005,5.835000000000001,22.44,TRUE,FALSE,FALSE,Within Range,insight
All Get Out,0,-1.29125,2.5862499999999997,4.39,TRUE,FALSE,FALSE,Within Range,cause
Manchester Orchestra,0,-1.4299999999999997,2.7699999999999996,5.68,TRUE,FALSE,FALSE,Within Range,cause
The Front Bottoms,0,-1.1400000000000001,2.4000000000000004,7.87,TRUE,FALSE,FALSE,Within Range,cause
All Get Out,0.4,-2.0224999999999995,5.1775,10,TRUE,TRUE,FALSE,Out of Range,discrep
Manchester Orchestra,0,-2.2250000000000005,5.485,12.84,TRUE,FALSE,FALSE,Within Range,discrep
The Front Bottoms,0,-0.3550000000000004,4.235,6.84,TRUE,FALSE,FALSE,Within Range,discrep
All Get Out,0,-2.4699999999999998,4.4,7.35,TRUE,FALSE,FALSE,Within Range,tentat
Manchester Orchestra,0,-2.8649999999999993,4.6049999999999995,8.65,TRUE,FALSE,FALSE,Within Range,tentat
The Front Bottoms,0,-3.3500000000000005,5.11,8.87,TRUE,FALSE,FALSE,Within Range,tentat
All Get Out,0,-1.1437499999999998,1.1437499999999998,2.7,TRUE,FALSE,FALSE,Within Range,certitude
Manchester Orchestra,0,-1.6350000000000002,1.6350000000000002,5.77,TRUE,FALSE,FALSE,Within Range,certitude
The Front Bottoms,0,-0.615,0.615,3.55,TRUE,FALSE,FALSE,Within Range,certitude
All Get Out,0,-1.6450000000000007,5.540000000000001,9.46,TRUE,FALSE,FALSE,Within Range,differ
Manchester Orchestra,0,-0.45500000000000007,4.615,7.57,TRUE,FALSE,FALSE,Within Range,differ
The Front Bottoms,0,-1.56,5.1,9.62,TRUE,FALSE,FALSE,Within Range,differ
All Get Out,0,0,0,0.93,TRUE,FALSE,FALSE,Within Range,memory
Manchester Orchestra,0,0,0,1.73,TRUE,FALSE,FALSE,Within Range,memory
The Front Bottoms,0,0,0,2.7,TRUE,FALSE,FALSE,Within Range,memory
All Get Out,1.17,0.5499999999999998,7.2700000000000005,10.29,TRUE,FALSE,FALSE,Within Range,Affect
Manchester Orchestra,0,-3.1799999999999993,7.799999999999999,9.94,TRUE,FALSE,FALSE,Within Range,Affect
The Front Bottoms,1.06,-1.8299999999999996,9.389999999999999,19.42,TRUE,FALSE,FALSE,Within Range,Affect
All Get Out,0,-1.9287500000000004,5.203750000000001,10.29,TRUE,FALSE,FALSE,Within Range,tone_pos
Manchester Orchestra,0,-2.6199999999999997,3.98,8.33,TRUE,FALSE,TRUE,Unusual,tone_pos
The Front Bottoms,0,-1.8249999999999997,5.824999999999999,15.53,TRUE,FALSE,FALSE,Within Range,tone_pos
All Get Out,0,-2.1337500000000005,4.17375,6.34,TRUE,FALSE,FALSE,Within Range,tone_neg
Manchester Orchestra,0,-1.875,3.615,5.34,TRUE,FALSE,FALSE,Within Range,tone_neg
The Front Bottoms,0,-1.465,3.4850000000000003,10.38,TRUE,FALSE,FALSE,Within Range,tone_neg
All Get Out,0,-1.7887499999999996,3.96375,7.35,TRUE,FALSE,FALSE,Within Range,emotion
Manchester Orchestra,0,-2.0150000000000006,2.995,4.93,TRUE,FALSE,FALSE,Within Range,emotion
The Front Bottoms,0,-2.4000000000000004,4.680000000000001,10.06,TRUE,FALSE,FALSE,Within Range,emotion
All Get Out,0,-1.6074999999999995,2.3074999999999997,7.35,TRUE,FALSE,FALSE,Within Range,emo_pos
Manchester Orchestra,0,-1.41,1.41,3.82,TRUE,FALSE,FALSE,Within Range,emo_pos
The Front Bottoms,0,-1.5799999999999998,2.26,6.31,TRUE,FALSE,FALSE,Within Range,emo_pos
All Get Out,0,-1.7737500000000002,2.35875,3.4,TRUE,FALSE,FALSE,Within Range,emo_neg
Manchester Orchestra,0,-1.875,1.875,3.52,TRUE,FALSE,FALSE,Within Range,emo_neg
The Front Bottoms,0,-1.6500000000000001,2.25,9.75,TRUE,FALSE,FALSE,Within Range,emo_neg
All Get Out,0,-0.23249999999999998,0.23249999999999998,1.34,TRUE,FALSE,FALSE,Within Range,emo_anx
Manchester Orchestra,0,0,0,1.57,TRUE,FALSE,FALSE,Within Range,emo_anx
The Front Bottoms,0,0,0,4.45,TRUE,FALSE,FALSE,Within Range,emo_anx
All Get Out,0,-0.23625000000000002,0.23625000000000002,2.13,TRUE,FALSE,FALSE,Within Range,emo_anger
Manchester Orchestra,0,0,0,0.93,TRUE,FALSE,FALSE,Within Range,emo_anger
The Front Bottoms,0,0,0,2.88,TRUE,FALSE,FALSE,Within Range,emo_anger
All Get Out,0,-0.69,0.69,1.73,TRUE,FALSE,FALSE,Within Range,emo_sad
Manchester Orchestra,0,-0.43499999999999994,0.43499999999999994,2.34,TRUE,FALSE,FALSE,Within Range,emo_sad
The Front Bottoms,0,-0.43499999999999994,0.43499999999999994,3.6,TRUE,FALSE,FALSE,Within Range,emo_sad
All Get Out,0,-0.8212500000000001,0.8212500000000001,1.97,TRUE,FALSE,FALSE,Within Range,swear
Manchester Orchestra,0,0,0,1.17,TRUE,FALSE,FALSE,Within Range,swear
The Front Bottoms,0,-0.44999999999999996,0.44999999999999996,3.79,TRUE,FALSE,FALSE,Within Range,swear
All Get Out,3.45,2.2575000000000003,20.6325,23.68,TRUE,FALSE,FALSE,Within Range,Social
Manchester Orchestra,5.68,-0.28499999999999837,19.845,23.71,TRUE,FALSE,FALSE,Within Range,Social
The Front Bottoms,5.74,3.5150000000000015,18.125,24.62,TRUE,FALSE,FALSE,Within Range,Social
All Get Out,0.43,-1.8862500000000013,6.566250000000001,10.31,TRUE,FALSE,FALSE,Within Range,socbehav
Manchester Orchestra,0,-1.7449999999999997,5.365,9.28,TRUE,FALSE,FALSE,Within Range,socbehav
The Front Bottoms,0.39,-1.1249999999999996,6.584999999999999,10.11,TRUE,FALSE,FALSE,Within Range,socbehav
All Get Out,0,-0.9187500000000001,0.9187500000000001,2.55,TRUE,FALSE,FALSE,Within Range,prosocial
Manchester Orchestra,0,-0.5700000000000001,0.5700000000000001,2.88,TRUE,FALSE,FALSE,Within Range,prosocial
The Front Bottoms,0,-0.78,0.78,4.52,TRUE,FALSE,FALSE,Within Range,prosocial
All Get Out,0,0,0,3.83,TRUE,FALSE,FALSE,Within Range,polite
Manchester Orchestra,0,0,0,2.02,TRUE,FALSE,FALSE,Within Range,polite
The Front Bottoms,0,0,0,2.13,TRUE,FALSE,FALSE,Within Range,polite
All Get Out,0,-0.52125,0.52125,1.9,TRUE,FALSE,FALSE,Within Range,conflict
Manchester Orchestra,0,-0.39,0.39,1.54,TRUE,FALSE,FALSE,Within Range,conflict
The Front Bottoms,0,-0.33,0.33,1.46,TRUE,FALSE,FALSE,Within Range,conflict
All Get Out,0,-0.8812500000000001,0.8812500000000001,3.52,TRUE,FALSE,FALSE,Within Range,moral
Manchester Orchestra,0,-0.78,0.78,3.05,TRUE,FALSE,FALSE,Within Range,moral
The Front Bottoms,0,-0.75,0.75,2.47,TRUE,FALSE,FALSE,Within Range,moral
All Get Out,0,-1.2812499999999996,2.6562499999999996,4.21,TRUE,FALSE,FALSE,Within Range,comm
Manchester Orchestra,0,-1.7249999999999996,3.045,5.15,TRUE,FALSE,FALSE,Within Range,comm
The Front Bottoms,0,-1.605,3.225,4.66,TRUE,FALSE,FALSE,Within Range,comm
All Get Out,1.38,0.13624999999999599,14.078750000000003,18.8,TRUE,FALSE,FALSE,Within Range,socrefs
Manchester Orchestra,2.33,-0.8850000000000007,14.085,17.74,TRUE,FALSE,FALSE,Within Range,socrefs
The Front Bottoms,2.02,-1.3349999999999982,14.294999999999998,17.63,TRUE,FALSE,FALSE,Within Range,socrefs
All Get Out,0,-0.645,0.645,5.45,TRUE,FALSE,TRUE,Unusual,family
Manchester Orchestra,0,-0.915,0.915,3.02,TRUE,FALSE,FALSE,Within Range,family
The Front Bottoms,0,-0.44999999999999996,0.44999999999999996,4.75,TRUE,FALSE,TRUE,Unusual,family
All Get Out,0,-0.30000000000000004,0.30000000000000004,2.55,TRUE,FALSE,FALSE,Within Range,friend
Manchester Orchestra,0,0,0,2.42,TRUE,FALSE,FALSE,Within Range,friend
The Front Bottoms,0,-0.495,0.495,2.69,TRUE,FALSE,FALSE,Within Range,friend
All Get Out,0,0,0,3.89,TRUE,FALSE,FALSE,Within Range,female
Manchester Orchestra,0,-0.63,0.63,9.95,TRUE,FALSE,FALSE,Within Range,female
The Front Bottoms,0,-1.71,1.71,8.14,TRUE,FALSE,FALSE,Within Range,female
All Get Out,0,-1.6575,1.6575,2.96,TRUE,FALSE,FALSE,Within Range,male
Manchester Orchestra,0,-1.545,1.545,6.25,TRUE,FALSE,FALSE,Within Range,male
The Front Bottoms,0,-1.1400000000000001,1.1400000000000001,7.46,TRUE,FALSE,FALSE,Within Range,male
All Get Out,0,0,0,0.7,TRUE,FALSE,FALSE,Within Range,Culture
Manchester Orchestra,0,0,0,1.55,TRUE,FALSE,FALSE,Within Range,Culture
The Front Bottoms,0,-0.72,0.72,3.24,TRUE,FALSE,FALSE,Within Range,Culture
All Get Out,0,0,0,0.39,TRUE,FALSE,FALSE,Within Range,politic
Manchester Orchestra,0,0,0,0.31,TRUE,FALSE,FALSE,Within Range,politic
The Front Bottoms,0,0,0,0.32,TRUE,FALSE,FALSE,Within Range,politic
All Get Out,0,0,0,0,TRUE,FALSE,FALSE,Within Range,ethnicity
Manchester Orchestra,0,0,0,0.79,TRUE,FALSE,FALSE,Within Range,ethnicity
The Front Bottoms,0,0,0,1.06,TRUE,FALSE,FALSE,Within Range,ethnicity
All Get Out,0,0,0,0.7,TRUE,FALSE,FALSE,Within Range,tech
Manchester Orchestra,0,0,0,1.04,TRUE,FALSE,FALSE,Within Range,tech
The Front Bottoms,0,-0.43499999999999994,0.43499999999999994,3.24,TRUE,FALSE,FALSE,Within Range,tech
All Get Out,0.34,-2.0625000000000004,4.4025,6.08,TRUE,FALSE,TRUE,Unusual,Lifestyle
Manchester Orchestra,0,-1.55,3.6100000000000003,10.77,TRUE,FALSE,TRUE,Unusual,Lifestyle
The Front Bottoms,0,-2.4699999999999998,4.43,5.6,TRUE,FALSE,TRUE,Unusual,Lifestyle
All Get Out,0,-0.5137499999999999,0.5137499999999999,2.47,TRUE,FALSE,FALSE,Within Range,leisure
Manchester Orchestra,0,-0.375,0.375,3.13,TRUE,FALSE,FALSE,Within Range,leisure
The Front Bottoms,0,-1.1400000000000001,1.1400000000000001,4.05,TRUE,FALSE,FALSE,Within Range,leisure
All Get Out,0,-1.3425,1.3425,4.59,TRUE,FALSE,FALSE,Within Range,home
Manchester Orchestra,0,-1.155,1.155,2.86,TRUE,FALSE,FALSE,Within Range,home
The Front Bottoms,0,-1.62,1.62,4.05,TRUE,FALSE,FALSE,Within Range,home
All Get Out,0,-0.8062500000000001,0.8062500000000001,2.66,TRUE,FALSE,TRUE,Unusual,work
Manchester Orchestra,0,-0.51,0.51,2.67,TRUE,FALSE,TRUE,Unusual,work
The Front Bottoms,0,-0.48,0.48,2.8,TRUE,FALSE,TRUE,Unusual,work
All Get Out,0,-0.7725,0.7725,2.53,TRUE,FALSE,FALSE,Within Range,money
Manchester Orchestra,0,-0.78,0.78,3.85,TRUE,FALSE,FALSE,Within Range,money
The Front Bottoms,0,-0.48,0.48,2.27,TRUE,FALSE,TRUE,Unusual,money
All Get Out,0,-1.7362500000000003,1.8412500000000003,2.31,TRUE,TRUE,TRUE,Out of Range,relig
Manchester Orchestra,0,-1.77,1.77,6.87,TRUE,FALSE,TRUE,Unusual,relig
The Front Bottoms,0,-0.75,0.75,3.79,TRUE,FALSE,TRUE,Unusual,relig
All Get Out,0,-2.7987499999999996,5.848749999999999,8.81,TRUE,FALSE,FALSE,Within Range,Physical
Manchester Orchestra,0,-3.1550000000000002,5.575,10.34,TRUE,FALSE,FALSE,Within Range,Physical
The Front Bottoms,0,-4.465,7.805,12.3,TRUE,FALSE,FALSE,Within Range,Physical
All Get Out,0,-0.9075,0.9075,2.22,TRUE,FALSE,TRUE,Unusual,health
Manchester Orchestra,0,-0.915,0.915,4.23,TRUE,FALSE,TRUE,Unusual,health
The Front Bottoms,0,-1.215,1.215,10.7,TRUE,FALSE,TRUE,Unusual,health
All Get Out,0,-0.12375,0.12375,1.11,TRUE,FALSE,TRUE,Unusual,illness
Manchester Orchestra,0,0,0,2.82,TRUE,FALSE,TRUE,Unusual,illness
The Front Bottoms,0,0,0,9.09,TRUE,FALSE,TRUE,Unusual,illness
All Get Out,0,0,0,0.11,TRUE,FALSE,FALSE,Within Range,wellness
Manchester Orchestra,0,0,0,0,TRUE,FALSE,FALSE,Within Range,wellness
The Front Bottoms,0,0,0,0.53,TRUE,FALSE,FALSE,Within Range,wellness
All Get Out,0,0,0,0.35,TRUE,FALSE,FALSE,Within Range,mental
Manchester Orchestra,0,0,0,0.61,TRUE,FALSE,FALSE,Within Range,mental
The Front Bottoms,0,0,0,3.24,TRUE,FALSE,FALSE,Within Range,mental
All Get Out,0,0,0,0.58,TRUE,TRUE,TRUE,Out of Range,substances
Manchester Orchestra,0,0,0,1.83,TRUE,FALSE,TRUE,Unusual,substances
The Front Bottoms,0,0,0,2.59,TRUE,FALSE,TRUE,Unusual,substances
All Get Out,0,0,0,0.38,TRUE,FALSE,FALSE,Within Range,sexual
Manchester Orchestra,0,0,0,0.38,TRUE,FALSE,FALSE,Within Range,sexual
The Front Bottoms,0,0,0,0.66,TRUE,FALSE,FALSE,Within Range,sexual
All Get Out,0,-0.56625,0.56625,1.71,TRUE,FALSE,FALSE,Within Range,food
Manchester Orchestra,0,-0.5249999999999999,0.5249999999999999,2.61,TRUE,FALSE,FALSE,Within Range,food
The Front Bottoms,0,-0.44999999999999996,0.44999999999999996,5.14,TRUE,FALSE,FALSE,Within Range,food
All Get Out,0,-0.99,0.99,4.72,TRUE,FALSE,FALSE,Within Range,death
Manchester Orchestra,0,-0.96,0.96,2.61,TRUE,FALSE,FALSE,Within Range,death
The Front Bottoms,0,-0.36,0.36,3.79,TRUE,FALSE,FALSE,Within Range,death
All Get Out,0,-0.81,0.81,4,TRUE,FALSE,FALSE,Within Range,need
Manchester Orchestra,0,-1.17,1.17,3.96,TRUE,FALSE,FALSE,Within Range,need
The Front Bottoms,0,-1.335,1.335,5.58,TRUE,FALSE,FALSE,Within Range,need
All Get Out,0,-1.7324999999999997,1.7324999999999997,6.62,TRUE,FALSE,FALSE,Within Range,want
Manchester Orchestra,0,-1.9500000000000002,1.9500000000000002,11.67,TRUE,FALSE,FALSE,Within Range,want
The Front Bottoms,0,-1.29,1.29,3.05,TRUE,FALSE,FALSE,Within Range,want
All Get Out,0,-2.17875,2.17875,6.11,TRUE,FALSE,FALSE,Within Range,acquire
Manchester Orchestra,0,-1.845,1.845,3.43,TRUE,FALSE,FALSE,Within Range,acquire
The Front Bottoms,0,-1.55,2.23,6.49,TRUE,FALSE,FALSE,Within Range,acquire
All Get Out,0,-0.5962500000000002,0.5962500000000002,2.06,TRUE,FALSE,FALSE,Within Range,lack
Manchester Orchestra,0,0,0,2.82,TRUE,FALSE,FALSE,Within Range,lack
The Front Bottoms,0,0,0,4.29,TRUE,FALSE,FALSE,Within Range,lack
All Get Out,0,-0.2925,0.2925,1.27,TRUE,FALSE,FALSE,Within Range,fulfill
Manchester Orchestra,0,0,0,1.17,TRUE,FALSE,FALSE,Within Range,fulfill
The Front Bottoms,0,0,0,3.04,TRUE,FALSE,FALSE,Within Range,fulfill
All Get Out,0,0,0,0.92,TRUE,FALSE,FALSE,Within Range,fatigue
Manchester Orchestra,0,0,0,2.68,TRUE,FALSE,FALSE,Within Range,fatigue
The Front Bottoms,0,0,0,3.78,TRUE,FALSE,FALSE,Within Range,fatigue
All Get Out,0,0,0,0.67,TRUE,FALSE,FALSE,Within Range,reward
Manchester Orchestra,0,0,0,2.96,TRUE,FALSE,FALSE,Within Range,reward
The Front Bottoms,0,0,0,0.41,TRUE,FALSE,FALSE,Within Range,reward
All Get Out,0,-0.5025000000000001,0.5025000000000001,1.01,TRUE,FALSE,FALSE,Within Range,risk
Manchester Orchestra,0,-0.5700000000000001,0.5700000000000001,2.45,TRUE,FALSE,FALSE,Within Range,risk
The Front Bottoms,0,-0.5549999999999999,0.5549999999999999,2,TRUE,FALSE,FALSE,Within Range,risk
All Get Out,0,0,0,1.79,TRUE,TRUE,TRUE,Out of Range,curiosity
Manchester Orchestra,0,-0.81,0.81,3.09,TRUE,FALSE,TRUE,Unusual,curiosity
The Front Bottoms,0,0,0,1.07,TRUE,TRUE,TRUE,Out of Range,curiosity
All Get Out,1.47,0.25250000000000217,15.522499999999997,22.91,TRUE,FALSE,FALSE,Within Range,allure
Manchester Orchestra,2.84,-0.7399999999999993,13.120000000000001,17.01,TRUE,FALSE,FALSE,Within Range,allure
The Front Bottoms,2.02,-1.3850000000000007,14.665,18.34,TRUE,FALSE,FALSE,Within Range,allure
All Get Out,4.67,4.136249999999998,15.213750000000001,20.89,TRUE,TRUE,TRUE,Out of Range,Perception
Manchester Orchestra,0,-1.0550000000000015,17.634999999999998,28.37,TRUE,FALSE,FALSE,Within Range,Perception
The Front Bottoms,4.27,3.740000000000003,15.68,22.56,TRUE,TRUE,TRUE,Out of Range,Perception
All Get Out,0,-0.795,0.795,1.48,TRUE,FALSE,FALSE,Within Range,attention
Manchester Orchestra,0,-1.2449999999999999,1.2449999999999999,1.95,TRUE,FALSE,FALSE,Within Range,attention
The Front Bottoms,0,-0.765,0.765,2.59,TRUE,FALSE,FALSE,Within Range,attention
All Get Out,0,-1.1387499999999995,4.133749999999999,8.18,TRUE,FALSE,FALSE,Within Range,motion
Manchester Orchestra,0,-2.0300000000000002,4.21,12.06,TRUE,FALSE,FALSE,Within Range,motion
The Front Bottoms,0,-0.09499999999999997,2.8150000000000004,8.37,TRUE,FALSE,FALSE,Within Range,motion
All Get Out,1.34,0.8487500000000017,10.33625,15.14,TRUE,FALSE,FALSE,Within Range,space
Manchester Orchestra,0,-2.259999999999999,10.7,18.46,TRUE,FALSE,FALSE,Within Range,space
The Front Bottoms,1.06,-1.1400000000000015,11.400000000000002,15.9,TRUE,FALSE,FALSE,Within Range,space
All Get Out,0,-0.8612500000000003,1.9662500000000003,2.77,TRUE,FALSE,FALSE,Within Range,visual
Manchester Orchestra,0,-2.2099999999999995,3.2499999999999996,4.76,TRUE,FALSE,FALSE,Within Range,visual
The Front Bottoms,0,-1.55,2.23,4.45,TRUE,FALSE,FALSE,Within Range,visual
All Get Out,0,-0.65625,0.65625,2.8,TRUE,FALSE,FALSE,Within Range,auditory
Manchester Orchestra,0,-1.17,1.17,3.51,TRUE,FALSE,FALSE,Within Range,auditory
The Front Bottoms,0,-0.8699999999999999,0.8699999999999999,5.23,TRUE,FALSE,FALSE,Within Range,auditory
All Get Out,0,-1.0487499999999996,1.8537499999999998,3.53,TRUE,FALSE,FALSE,Within Range,feeling
Manchester Orchestra,0,-1.305,1.305,4.14,TRUE,FALSE,FALSE,Within Range,feeling
The Front Bottoms,0,-1.59,2.0700000000000003,8.49,TRUE,FALSE,FALSE,Within Range,feeling
All Get Out,1.69,-1.38125,7.85125,17.27,TRUE,TRUE,FALSE,Out of Range,time
Manchester Orchestra,0.69,-1.0549999999999993,6.834999999999999,9.96,TRUE,FALSE,FALSE,Within Range,time
The Front Bottoms,0.39,0.11499999999999932,6.805000000000001,12.95,TRUE,FALSE,FALSE,Within Range,time
All Get Out,0,-2.7812500000000004,6.706250000000001,9.38,TRUE,FALSE,FALSE,Within Range,focuspast
Manchester Orchestra,1.03,-2.835000000000001,9.015,15.6,TRUE,FALSE,FALSE,Within Range,focuspast
The Front Bottoms,0.52,-3.330000000000001,5.8500000000000005,10.63,TRUE,FALSE,FALSE,Within Range,focuspast
All Get Out,1.47,0.36874999999999947,11.716249999999999,18.56,TRUE,FALSE,FALSE,Within Range,focuspresent
Manchester Orchestra,0.77,-2.3350000000000017,11.435000000000002,21.09,TRUE,FALSE,FALSE,Within Range,focuspresent
The Front Bottoms,0.79,-2.37,12.75,15.43,TRUE,FALSE,FALSE,Within Range,focuspresent
All Get Out,0,-1.7437500000000001,3.13875,7.35,TRUE,FALSE,FALSE,Within Range,focusfuture
Manchester Orchestra,0,-2.16,4.2,8.05,TRUE,FALSE,FALSE,Within Range,focusfuture
The Front Bottoms,0,-2.7349999999999994,4.975,10.93,TRUE,FALSE,FALSE,Within Range,focusfuture
All Get Out,0,-2.1262499999999998,2.1262499999999998,12.04,TRUE,FALSE,FALSE,Within Range,Conversation
Manchester Orchestra,0,-1.47,1.47,25,TRUE,FALSE,FALSE,Within Range,Conversation
The Front Bottoms,0,-2.285,3.325,19.76,TRUE,FALSE,FALSE,Within Range,Conversation
All Get Out,0,-0.56625,0.56625,3.27,TRUE,FALSE,FALSE,Within Range,netspeak
Manchester Orchestra,0,0,0,2.97,TRUE,FALSE,FALSE,Within Range,netspeak
The Front Bottoms,0,-1.59,1.59,7.91,TRUE,FALSE,FALSE,Within Range,netspeak
All Get Out,0,-0.5025000000000001,0.5025000000000001,3.69,TRUE,FALSE,FALSE,Within Range,assent
Manchester Orchestra,0,0,0,18.27,TRUE,FALSE,FALSE,Within Range,assent
The Front Bottoms,0,-0.8999999999999999,0.8999999999999999,9.68,TRUE,FALSE,FALSE,Within Range,assent
All Get Out,0,-0.42750000000000005,0.42750000000000005,4.44,TRUE,FALSE,FALSE,Within Range,nonflu
Manchester Orchestra,0,-0.44999999999999996,0.44999999999999996,6.73,TRUE,FALSE,FALSE,Within Range,nonflu
The Front Bottoms,0,-0.51,0.51,9.68,TRUE,FALSE,FALSE,Within Range,nonflu
All Get Out,0,0,0,10.46,TRUE,FALSE,FALSE,Within Range,filler
Manchester Orchestra,0,0,0,0.78,TRUE,FALSE,FALSE,Within Range,filler
The Front Bottoms,0,0,0,0.74,TRUE,FALSE,FALSE,Within Range,filler
All Get Out,4.14,0.6137500000000049,16.731249999999996,36.45,TRUE,FALSE,TRUE,Unusual,AllPunc
Manchester Orchestra,3.09,-3.740000000000001,19.36,32.69,TRUE,FALSE,FALSE,Within Range,AllPunc
The Front Bottoms,7.57,5.865000000000002,17.775,25.85,TRUE,FALSE,TRUE,Unusual,AllPunc
All Get Out,0,0,0,5.45,TRUE,FALSE,FALSE,Within Range,Period
Manchester Orchestra,0,0,0,3.41,TRUE,FALSE,FALSE,Within Range,Period
The Front Bottoms,0,0,0,5.05,TRUE,FALSE,FALSE,Within Range,Period
All Get Out,0,-3.3512500000000003,6.421250000000001,13.47,TRUE,FALSE,TRUE,Unusual,Comma
Manchester Orchestra,0,-4.014999999999999,7.475,13.18,TRUE,FALSE,TRUE,Unusual,Comma
The Front Bottoms,0,-0.14500000000000046,7.325,13.64,TRUE,FALSE,TRUE,Unusual,Comma
All Get Out,0,-0.7575000000000001,0.7575000000000001,5.81,TRUE,FALSE,FALSE,Within Range,QMark
Manchester Orchestra,0,-1.17,1.17,3.82,TRUE,FALSE,FALSE,Within Range,QMark
The Front Bottoms,0,-1.215,1.215,7.87,TRUE,FALSE,FALSE,Within Range,QMark
All Get Out,0,0,0,4.69,TRUE,FALSE,FALSE,Within Range,Exclam
Manchester Orchestra,0,0,0,0.54,TRUE,FALSE,FALSE,Within Range,Exclam
The Front Bottoms,0,0,0,2.28,TRUE,FALSE,FALSE,Within Range,Exclam
All Get Out,1.47,-0.7387499999999996,9.903749999999999,17.79,TRUE,FALSE,FALSE,Within Range,Apostro
Manchester Orchestra,2.07,-2.5199999999999987,10.919999999999998,18.27,TRUE,FALSE,FALSE,Within Range,Apostro
The Front Bottoms,0.35,-1.6599999999999984,9.799999999999999,11.01,TRUE,FALSE,FALSE,Within Range,Apostro
All Get Out,0,-1.5,1.5,14.42,TRUE,FALSE,TRUE,Unusual,OtherP
Manchester Orchestra,0,-1.6350000000000002,1.6350000000000002,7.69,TRUE,FALSE,TRUE,Unusual,OtherP
The Front Bottoms,0,-3.485,4.525,12.5,TRUE,FALSE,TRUE,Unusual,OtherP
All Get Out,0,0,0,0,TRUE,FALSE,FALSE,Within Range,Emoji
Manchester Orchestra,0,0,0,0,TRUE,FALSE,FALSE,Within Range,Emoji
The Front Bottoms,0,0,0,0,TRUE,FALSE,FALSE,Within Range,Emoji
All Get Out,2,-1.5,13.5,58,TRUE,FALSE,TRUE,Unusual,positivewords
Manchester Orchestra,0,-3,9,27,TRUE,FALSE,TRUE,Unusual,positivewords
The Front Bottoms,1,-14.5,24.5,34,TRUE,FALSE,FALSE,Within Range,positivewords
All Get Out,0,-11.625,23.625,45,TRUE,FALSE,FALSE,Within Range,negativewords
Manchester Orchestra,0,-6.5,14.5,20,TRUE,FALSE,FALSE,Within Range,negativewords
The Front Bottoms,2,-5,19,36,TRUE,FALSE,FALSE,Within Range,negativewords
